45,LIBRARY
45,IMMUNIZATION
45,ACADEMIC ADVISOR
46,LIBRARY
47,LIBRARY
48,LIBRARY
49,LIBRARY
50,LIBRARY
50,IMMUNIZATION
52,IMMUNIZATION
53,IMMUNIZATION
54,IMMUNIZATION
55,IMMUNIZATION
56,IMMUNIZATION
57,IMMUNIZATION
58,TUITION
58,IMMUNIZATION
60,IMMUNIZATION
61,TUITION
62,TUITION
63,TUITION
64,TUITION
65,TUITION
66,TUITION
67,TUITION
67,SUSPENSION
69,SUSPENSION
70,SUSPENSION
71,SUSPENSION
72,SUSPENSION
73,SUSPENSION
74,SUSPENSION
75,SUSPENSION
76,ACADEMIC ADVISOR
77,ACADEMIC ADVISOR
78,ACADEMIC ADVISOR
80,ACADEMIC ADVISOR
80,SUSPENSION
81,ACADEMIC ADVISOR
82,SUSPENSION
83,SUSPENSION
84,SUSPENSION
